{
  "twountrfournszeronecalvosixmahmoodone": {
    "sounds": [
      {
        "name": "records/twountrfournszeronecalvosixmahmoodone",
        "stream": true
      }
    ]
  },
  "caposburrariccardoantolinione": {
    "sounds": [
      {
        "name": "records/caposburrariccardoantolinione",
        "stream": true
      }
    ]
  },
  "fourredsunintheskymeheandusrevolutionone": {
    "sounds": [
      {
        "name": "records/fourredsunintheskymeheandusrevolutionone",
        "stream": true
      }
    ]
  },
  "dsonosamuelerocciastorieone": {
    "sounds": [
      {
        "name": "records/dsonosamuelerocciastorieone",
        "stream": true
      }
    ]
  },
  "sixblunsevenaswishlandremixgesucristicoprodbblofone": {
    "sounds": [
      {
        "name": "records/sixblunsevenaswishlandremixgesucristicoprodbblofone",
        "stream": true
      }
    ]
  }
}