{
	"credit": "Made with Blockbench",
	"textures": {
		"0": "block/piston_arm",
		"1": "block/piston_top_sticky",
		"2": "block/piston_side_sticky",
		"particle": "block/piston_side"
	},
	"elements": [
		{
			"from": [0, 0, 0],
			"to": [16, 16, 4],
			"faces": {
				"north": {"uv": [0, 0, 16, 16], "texture": "#1"},
				"east": {"uv": [0, 0, 16, 4], "rotation": 90, "texture": "#2"},
				"south": {"uv": [0, 0, 16, 16], "texture": "#1"},
				"west": {"uv": [0, 0, 16, 4], "rotation": 270, "texture": "#2"},
				"up": {"uv": [0, 0, 16, 4], "texture": "#2"},
				"down": {"uv": [0, 0, 16, 4], "rotation": 180, "texture": "#2"}
			}
		},
		{
			"from": [6, 6, 4],
			"to": [10, 10, 12],
			"faces": {
				"north": {"uv": [6, 10, 10, 14], "texture": "#0"},
				"east": {"uv": [6, 8, 10, 16], "rotation": 90, "texture": "#0"},
				"south": {"uv": [6, 10, 10, 14], "texture": "#0"},
				"west": {"uv": [6, 8, 10, 16], "rotation": 270, "texture": "#0"},
				"up": {"uv": [6, 8, 10, 16], "texture": "#0"},
				"down": {"uv": [6, 8, 10, 16], "rotation": 180, "texture": "#0"}
			}
		},
		{
			"from": [5, 5, 12],
			"to": [11, 11, 20],
			"faces": {
				"north": {"uv": [0, 2, 6, 8], "texture": "#0"},
				"east": {"uv": [0, 8, 6, 16], "rotation": 90, "texture": "#0"},
				"south": {"uv": [0, 2, 6, 8], "texture": "#0"},
				"west": {"uv": [0, 8, 6, 16], "rotation": 270, "texture": "#0"},
				"up": {"uv": [0, 8, 6, 16], "texture": "#0"},
				"down": {"uv": [0, 8, 6, 16], "rotation": 180, "texture": "#0"}
			}
		}
	]
}