{
	"credit": "Made with Blockbench",
	"ambientocclusion": false,
	"textures": {
		"1": "block/redstone_cable1",
		"particle": "block/redstone_cable1",
		"overlay": "block/redstone_dust_overlay"
	},
	"elements": [
		{
			"from": [6.75, 1.25, 0],
			"to": [9.25, 9.25, 1.25],
			"shade": false,
			"rotation": {"angle": 0, "axis": "x", "origin": [14.5, 1.25, 8]},
			"faces": {
				"north": {"uv": [0, 0, 4, 16], "rotation": 180, "texture": "#1", "tintindex": 0},
				"east": {"uv": [4, 0, 6, 16], "texture": "#1", "tintindex": 0},
				"south": {"uv": [6, 0, 10, 16], "texture": "#1", "tintindex": 0},
				"west": {"uv": [10, 0, 12, 16], "rotation": 180, "texture": "#1", "tintindex": 0},
				"up": {"uv": [12, 0, 16, 2], "rotation": 180, "texture": "#1", "tintindex": 0},
				"down": {"uv": [12, 0, 16, 2], "texture": "#1", "tintindex": 0}
			}
		},
		{
			"from": [6.75, 9.25, 0],
			"to": [9.25, 17.25, 1.25],
			"shade": false,
			"rotation": {"angle": 0, "axis": "x", "origin": [14.5, 9.25, 8]},
			"faces": {
				"north": {"uv": [0, 0, 4, 16], "rotation": 180, "texture": "#1", "tintindex": 0},
				"east": {"uv": [4, 0, 6, 16], "texture": "#1", "tintindex": 0},
				"south": {"uv": [6, 0, 10, 16], "texture": "#1", "tintindex": 0},
				"west": {"uv": [10, 0, 12, 16], "rotation": 180, "texture": "#1", "tintindex": 0},
				"up": {"uv": [12, 0, 16, 1], "rotation": 180, "texture": "#1", "tintindex": 0},
				"down": {"uv": [12, 0, 16, 2], "texture": "#1", "tintindex": 0}
			}
		},
		{
			"from": [0, 1.25, 1],
			"to": [16, 9.25, 1],
			"shade": false,
			"rotation": {"angle": 0, "axis": "x", "origin": [8, 1.25, 8]},
			"faces": {
				"north": {"uv": [0, 8, 16, 0], "rotation": 180, "texture": "#overlay"},
				"south": {"uv": [0, 0, 16, 8], "texture": "#overlay"}
			}
		},
		{
			"from": [0, 9.25, 1],
			"to": [16, 17.25, 1],
			"shade": false,
			"rotation": {"angle": 0, "axis": "x", "origin": [8, 9.25, 8]},
			"faces": {
				"north": {"uv": [0, 8, 16, 0], "rotation": 180, "texture": "#overlay"},
				"south": {"uv": [0, 0, 16, 8], "texture": "#overlay"}
			}
		}
	]
}