[
  {
    "title": "§2un tr4ns0ne calvo",
    "author": "§6mahmood",
    "duration": 59,
    "disc-namespace": "twountrfournszeronecalvosixmahmoodone",
    "model-data": 1,
    "creeper-drop": false,
    "lores": [],
    "loot-tables": {},
    "fragment-loot-tables": {}
  },
  {
    "title": "CAPO SBURRA",
    "author": "Riccardo Antolini",
    "duration": 80,
    "disc-namespace": "caposburrariccardoantolinione",
    "model-data": 2,
    "creeper-drop": false,
    "lores": [],
    "loot-tables": {},
    "fragment-loot-tables": {}
  },
  {
    "title": "§4Red Sun in the Sky",
    "author": " Meheandus Revolution",
    "duration": 375,
    "disc-namespace": "fourredsunintheskymeheandusrevolutionone",
    "model-data": 3,
    "creeper-drop": false,
    "lores": [],
    "loot-tables": {},
    "fragment-loot-tables": {}
  },
  {
    "title": "§dSono Samuele",
    "author": "roccia storie",
    "duration": 111,
    "disc-namespace": "dsonosamuelerocciastorieone",
    "model-data": 4,
    "creeper-drop": false,
    "lores": [],
    "loot-tables": {},
    "fragment-loot-tables": {}
  },
  {
    "title": "§6blun7 a Swishland (remix gesucristico)",
    "author": "prod. BB Lof",
    "duration": 167,
    "disc-namespace": "sixblunsevenaswishlandremixgesucristicoprodbblofone",
    "model-data": 5,
    "creeper-drop": false,
    "lores": [],
    "loot-tables": {},
    "fragment-loot-tables": {}
  }
]